2020-03-03T19:43:34.346Z,success
2020-03-03T19:43:33.324Z,started
2020-03-03T19:43:04.347Z,success
2020-03-03T19:43:03.324Z,started
2020-03-03T19:42:34.347Z,success
2020-03-03T19:42:33.324Z,started
2020-03-03T19:42:04.346Z,success
2020-03-03T19:42:03.324Z,started
2020-03-03T19:41:34.344Z,success
2020-03-03T19:41:33.323Z,started
2020-03-03T19:41:28.756Z,failed
2020-03-03T19:41:28.755Z,started
2020-03-03T19:41:28.755Z,failed
2020-03-03T19:41:27.741Z,started
2020-03-03T19:41:04.355Z,success
2020-03-03T19:41:03.323Z,started
2020-03-03T19:40:34.346Z,success
2020-03-03T19:40:33.324Z,started
2020-03-03T19:40:04.345Z,success
2020-03-03T19:40:03.324Z,started
2020-03-03T19:39:34.345Z,success
2020-03-03T19:39:33.323Z,started
2020-03-03T19:39:04.346Z,success
2020-03-03T19:39:03.324Z,started
2020-03-03T19:38:34.346Z,success
2020-03-03T19:38:33.324Z,started
2020-03-03T19:38:04.351Z,success
2020-03-03T19:38:03.324Z,started
2020-03-03T19:37:34.348Z,success
2020-03-03T19:37:33.325Z,started
2020-03-03T19:37:04.347Z,success
2020-03-03T19:37:03.325Z,started
2020-03-03T19:36:34.350Z,success
2020-03-03T19:36:33.325Z,started
2020-03-03T19:36:27.488Z,failed
2020-03-03T19:36:27.487Z,started
2020-03-03T19:36:27.486Z,failed
2020-03-03T19:36:26.470Z,started
2020-03-03T19:36:04.348Z,success
2020-03-03T19:36:03.326Z,started
2020-03-03T19:35:34.345Z,success
2020-03-03T19:35:33.324Z,started
2020-03-03T19:35:04.346Z,success
2020-03-03T19:35:03.324Z,started
2020-03-03T19:34:34.346Z,success
2020-03-03T19:34:33.324Z,started
2020-03-03T19:34:04.346Z,success
2020-03-03T19:34:03.324Z,started
2020-03-03T19:33:34.347Z,success
2020-03-03T19:33:33.325Z,started
2020-03-03T19:33:04.347Z,success
2020-03-03T19:33:03.325Z,started
2020-03-03T19:32:34.347Z,success
2020-03-03T19:32:33.325Z,started
